{
  "Component-preload.js.map": 1745277288628,
  "model/models.js": 1745194760927,
  "controller/UserForm.controller.js": 1745276324007,
  "controller/App.controller.js": 1745194760927,
  "manifest.json": 1745277288431,
  "Component.js": 1745194760919,
  "controller/UserForm-dbg.controller.js": 1745276324007,
  "controller/UserForm.controller.js.map": 1745277288554,
  "model/models-dbg.js": 1745194760927,
  "model/models.js.map": 1745277288535,
  "controller/App-dbg.controller.js": 1745194760927,
  "controller/App.controller.js.map": 1745277288536,
  "Component-dbg.js": 1745194760919,
  "Component.js.map": 1745277288538,
  "Component-preload.js": 1745277288628,
  "i18n/i18n.properties": 1745194760923,
  "view/UserForm.view.xml": 1745248061714,
  "view/App.view.xml": 1745194760931,
  "css/style.css": 1745194760931,
  "index.html": 1745194760919
}