{
  "index.html": 1745194760919,
  "controller/UserForm.controller.js": 1745833833690,
  "model/models.js": 1745194760927,
  "controller/App.controller.js": 1745336044199,
  "manifest.json": 1749581811905,
  "Component.js": 1745194760919,
  "controller/UserForm-dbg.controller.js": 1745833833690,
  "controller/UserForm.controller.js.map": 1749581812117,
  "model/models-dbg.js": 1745194760927,
  "model/models.js.map": 1749581812078,
  "controller/App-dbg.controller.js": 1745336044199,
  "controller/App.controller.js.map": 1749581812078,
  "Component-dbg.js": 1745194760919,
  "Component.js.map": 1749581812078,
  "Component-preload.js": 1749581812318,
  "Component-preload.js.map": 1749581812318,
  "view/UserForm.view.xml": 1745825451957,
  "view/App.view.xml": 1745194760931,
  "css/style.css": 1745194760931,
  "i18n/i18n.properties": 1745194760923
}